,Alcohol,Appellation,Bottle Size,Category,Country,Date Published,Description,Designation,Name,Price,Province,Rating,Region,Subregion,User Avg Rating,Variety,Vintage,Winery
3,11%,"California, California Other, California, US",750 ml,White, US,7/1/21,"
                      An apricot aroma and a strong buttery flavor give this wine a lot of personality. The butterscotch and ripe fruit notes are coated in a rich, mouthfilling texture despite low alcohol.                      Jim Gordon ",,101 North NV Pinot Grigio (California),$6 , California,86, California Other,California,Not rated yet [Add Your Review],Pinot Grigio,,101 North
14,11.50%,"Santa Cruz Mountains, Central Coast, California, US",750 ml,White, US,4/1/21,"
                      Clean and snappy aromas of crystallized citrus and pome fruits are sharp but forgiving on the nose of this barrel-fermented bottling, which also offers a hint of honey dust. The palate shows green-pear and tight apricot flavors, wrapped in a grippy texture and washed by refreshing acidity.                      Matt Kettmann ",Regan Vineyard,Bargetto 2019 Regan Vineyard Pinot Grigio (Santa Cruz Mountains),$28 , California,92, Central Coast,Santa Cruz Mountains,Not rated yet [Add Your Review],Pinot Grigio,2019,Bargetto
30,13%,"California, California Other, California, US",750 ml,White, US,4/1/21,"
                      Nectarine, lime-pith, lemon-blossom and pink-fleshed-fruit aromas show on the nose of this bottling, which exhibits the slightest shade of pink in the glass. Yellow-apple-skin flavors pop on the soft palate.                      Matt Kettmann ",,Estancia 2019 Pinot Grigio (California),$12 , California,88, California Other,California,Not rated yet [Add Your Review],Pinot Grigio,2019,Estancia
34,12%,"North Fork of Long Island, Long Island, New York, US",750 ml,White, US,4/1/21,"
                      This bright, fruity wine is driven by banana, pineapple, pear and apple on the nose. There's a gentle creaminess to the palate, where the orchard fruit flavors are demure and are lifted by a mild vein on acidity.                      Alexander Peartree ",Small Batch Series Corey Creek Vineyard,Bedell 2019 Small Batch Series Corey Creek Vineyard Pinot Grigio (North Fork of Long Island),$25 , New York,87, Long Island,North Fork of Long Island,Not rated yet [Add Your Review],Pinot Grigio,2019,Bedell
38,11%,"Finger Lakes, Finger Lakes, New York, US",750 ml,White, US,4/1/21,"
                      Aromas of juiced pear and a hint of warm spice lead to the juicy palate. The flavors are a bit muted, but what's there is nice.                      Alexander Peartree ",,Penguin Bay 2019 Pinot Grigio (Finger Lakes),$16 , New York,85, Finger Lakes,Finger Lakes,Not rated yet [Add Your Review],Pinot Grigio,2019,Penguin Bay
57,12.10%,"Columbia Valley (WA), Columbia Valley, Washington, US",750 ml,White, US,3/1/21,"
                      The aromas are light but bring some complexity, with notes of apple, pear and the underside of pineapple. Mouthwatering citrus and pear flavors follow. Dried flower notes linger on the finish.                      Sean P. Sullivan ",Daisy,Bieler Family 2019 Daisy Pinot Grigio (Columbia Valley (WA)),$12 , Washington,88, Columbia Valley,Columbia Valley (WA),Not rated yet [Add Your Review],Pinot Grigio,2019,Bieler Family
58,13.80%,"California, California Other, California, US",750 ml,White, US,3/1/21,"
                      Quite light in the glass, this simple but pleasant bottling offers light aromas of apple blossom, honeydew and a steel minerality. Riper apple-flesh flavors show on the palate as does a touch of light lime juice.                      Matt Kettmann ",,Summerland 2019 Pinot Grigio (California),$35 , California,88, California Other,California,Not rated yet [Add Your Review],Pinot Grigio,2019,Summerland
59,12.90%,"Mendocino, Mendocino County, California, US",750 ml,White, US,3/1/21,"
                      A hint of pink in the color and unusually ripe, floral flavors help this medium-bodied wine stand out. It's mouthfilling, smooth and full of peach and plums flavors.                      Jim Gordon ",,The Girls in the Vineyard 2019 Pinot Grigio (Mendocino),$20 , California,88, Mendocino County,Mendocino,Not rated yet [Add Your Review],Pinot Grigio,2019,The Girls in the Vineyard
63,12.50%,"America, US",750 ml,White, US,3/1/21,"
                      This medium-bodied wine tastes clean, fresh and mildly fruity, offering honeydew melon aromas, jicama flavors and a rather soft texture.                      Jim Gordon ",,Barefoot NV Pinot Grigio (America),$7 ,America,87,,,Not rated yet [Add Your Review],Pinot Grigio,,Barefoot
65,12.90%,"California, California Other, California, US",750 ml,White, US,3/1/21,"
                      Nearly neutral in flavor, this medium-bodied wine is rounded in texture and generally ripe tasting, with a good nip of acidity for balance.                      Jim Gordon ",,Insomnia NV Pinot Grigio (California),$14 , California,86, California Other,California,Not rated yet [Add Your Review],Pinot Grigio,,Insomnia
66,12%,"Lodi, Central Valley, California, US",750 ml,White, US,3/1/21,"
                      Aromas of dried meat and honeysuckle lead to light, crisp peach and melon flavors in this medium-bodied wine.                      Jim Gordon ",,Gnarly Head 2019 Pinot Grigio (Lodi),$13 , California,86, Central Valley,Lodi,Not rated yet [Add Your Review],Pinot Grigio,2019,Gnarly Head
68,11.50%,"River Junction, Central Valley, California, US",750 ml,White, US,3/1/21,"
                      This light-bodied wine offers fruity aromas of honeydew melons and straightforward flavors on a light texture.                      Jim Gordon ",Estate Grown,McManis 2019 Estate Grown Pinot Grigio (River Junction),$10 , California,85, Central Valley,River Junction,Not rated yet [Add Your Review],Pinot Grigio,2019,McManis
70,13.50%,"California, California Other, California, US",750 ml,White, US,3/1/21,"
                      This straightforward, medium-bodied wine offers basic melon and peach flavors and a sense of sweetness on the finish.                      Jim Gordon ",,Trinity Oaks 2018 Pinot Grigio (California),$9 , California,85, California Other,California,Not rated yet [Add Your Review],Pinot Grigio,2018,Trinity Oaks
71,12.50%,"California, California Other, California, US",750 ml,White, US,3/1/21,"
                      Aromas of pears and peaches give way to banana flavors and a soft texture in this medium-bodied wine.                      Jim Gordon ",,Brownstone NV Pinot Grigio (California),$9 , California,84, California Other,California,Not rated yet [Add Your Review],Pinot Grigio,,Brownstone
72,13%,"California, California Other, California, US",3 L,White, US,3/1/21,"
                      This light-bodied, innocuous wine is very neutral in flavor, giving only a hint of cucumber. It's clean and gulpable.                      Jim Gordon ",,PaintBox NV Pinot Grigio (California),$17 , California,83, California Other,California,Not rated yet [Add Your Review],Pinot Grigio,,PaintBox
76,13%,"Sicilia, Sicily & Sardinia, Italy",750 ml,White, Italy,12/31/20,"
                      White spring-flower and white stone-fruit aromas lead the nose on this tangy white. On the refreshing palate, crisp acidity accompanies yellow apple and apricot before finishing on a lime note.                      Kerin O‚ÄôKeefe ",,Stemmari 2019 Pinot Grigio (Sicilia),$11 , Sicily & Sardinia,89,Sicilia,,Not rated yet [Add Your Review],Pinot Grigio,2019,Stemmari
79,12%,"California, California Other, California, US",3 L,White, US,12/31/20,"
                      This wine has more flavor than many of its competitors, boasting bright peach and ripe melon in the aroma and satisfying white peach on the palate. It's medium bodied and mouthfilling.                      Jim Gordon ",,Bota Box 2019 Pinot Grigio (California),$23 , California,88, California Other,California,Not rated yet [Add Your Review],Pinot Grigio,2019,Bota Box
81,12%,"California, California Other, California, US",750 ml,White, US,12/31/20,"
                      Lively and well-concentrated, too, this medium-bodied wine has good acidity to make it appetizing and plenty of tasty green-apple, white-peach and apricot flavors to savor.                      Jim Gordon ",,Sand Point 2019 Pinot Grigio (California),$11 , California,88, California Other,California,Not rated yet [Add Your Review],Pinot Grigio,2019,Sand Point
83,12%,"California, California Other, California, US",750 ml,White, US,12/31/20,"
                      A rich texture makes this wine more mouthfilling and expansive than many. It boasts tasty, seemingly sweet honeydew-melon and peach flavors.                      Jim Gordon ",,Bucket List NV Pinot Grigio (California),$8 , California,86, California Other,California,Not rated yet [Add Your Review],Pinot Grigio,,Bucket List
84,13%,"California, California Other, California, US",750 ml,White, US,12/31/20,"
                      This light-bodied wine could pass for a Riesling, with its not unpleasant petrol aroma and lean peach and apricot flavors.                      Jim Gordon ",,Mirassou Sun 2019 Pinot Grigio (California),$12 , California,86, California Other,California,Not rated yet [Add Your Review],Pinot Grigio,2019,Mirassou Sun
85,12.50%,"California, California Other, California, US",750 ml,White, US,12/31/20,"
                      This fruit bowl of a wine is packed with apples, peaches and melons on a smooth, soft texture that brings a sensation of sweetness on the finish.                      Jim Gordon ",,Winemakers Selection 2019 Pinot Grigio (California),$6 , California,86, California Other,California,Not rated yet [Add Your Review],Pinot Grigio,2019,Winemakers Selection
86,13%,"Paso Robles, Central Coast, California, US",750 ml,White, US,12/31/20,"
                      Light herbs and dried grass show on the nose of this bottling. The palate is somewhat flat in texture but delivers acceptable flavors of Granny Smith apples and more dried grass.                      Matt Kettmann ",,Tree Fort 2019 Pinot Grigio (Paso Robles),$17 , California,85, Central Coast,Paso Robles,Not rated yet [Add Your Review],Pinot Grigio,2019,Tree Fort
87,13.50%,"California, California Other, California, US",750 ml,White, US,12/31/20,"
                      This light-bodied wine is refreshing and clean but almost neutral in flavor, offering faint lemon and cucumber notes.                      Jim Gordon ",Vintner's Collection,Sterling 2018 Vintner's Collection Pinot Grigio (California),$12 , California,85, California Other,California,Not rated yet [Add Your Review],Pinot Grigio,2018,Sterling
88,12.50%,"Clarksburg, Central Valley, California, US",750 ml,White, US,12/31/20,"
                      Lively green-apple aromas meet heavier flavors and a thick texture in this full-bodied wine.                      Jim Gordon ",,Terra d'Oro 2019 Pinot Grigio (Clarksburg),$17 , California,84, Central Valley,Clarksburg,Not rated yet [Add Your Review],Pinot Grigio,2019,Terra d'Oro
92,13.20%,"Santa Barbara County, Central Coast, California, US",750 ml,White, US,12/1/20,"
                      Very light in the glass, this crisp and clean bottling begins with aromas of soft red apple, fat white-gardenia flower buds and a light tone of nectarine. The palate is both tight and expressive, as a firm texture delivers flavors of Asian pear, grippy tangerine skin and a touch of honeysuckle.                      Matt Kettmann ",,Brevity 2019 Pinot Grigio (Santa Barbara County),$24 , California,91, Central Coast,Santa Barbara County,Not rated yet [Add Your Review],Pinot Grigio,2019,Brevity
99,13%,"Sicilia, Sicily & Sardinia, Italy",750 ml,White, Italy,12/1/20,"
                      White stone-fruit and citrus-blossom aromas emerge from the glass. The lively palate offers Bartlett pear, Meyer lemon and a ginger note alongside fresh acidity.                      Kerin O‚ÄôKeefe ",,Feudo Arancio 2019 Pinot Grigio (Sicilia),$14 , Sicily & Sardinia,88,Sicilia,,Not rated yet [Add Your Review],Pinot Grigio,2019,Feudo Arancio
142,13%,"California, California Other, California, US",750 ml,White, US,11/1/20,"
                      Nicely concentrated, crisp fruit flavors give this medium-bodied wine a lot to like. Tangy white-peach and Pippin apple flavors are lightly accented by lemon, adding to the vibrant mouthfeel.                      Jim Gordon ",,Dark Horse 2019 Pinot Grigio (California),$8 , California,90, California Other,California,Not rated yet [Add Your Review],Pinot Grigio,2019,Dark Horse
143,12.45%,"Columbia Valley (WA), Columbia Valley, Washington, US",750 ml,White, US,11/1/20,"
                      The aromas are light, with notes of freshly cut yellow apple and pear followed by sleek, pleasing, fruit forward flavors that bring a bright sense of acidity. Acid and freshness are the drivers. Pair it with scallop ceviche with generous amounts of lime.                      Sean P. Sullivan ",,Cavatappi 2019 Pinot Grigio (Columbia Valley (WA)),$13 , Washington,90, Columbia Valley,Columbia Valley (WA),Not rated yet [Add Your Review],Pinot Grigio,2019,Cavatappi
144,13%,"Central Coast, Central Coast, California, US",750 ml,White, US,11/1/20,"
                      Aromas of guava and honeydew carry the fresh nose of this widely available bottling. There is a pleasing grip to the sip, where guava peel, Asian pear and cherimoya flavors meet with a hint of wet stone.                      Matt Kettmann ",,SeaGlass 2019 Pinot Grigio (Central Coast),$12 , California,89, Central Coast,Central Coast,Not rated yet [Add Your Review],Pinot Grigio,2019,SeaGlass
146,14%,"San Benito, Central Coast, California, US",750 ml,White, US,11/1/20,"
                      Tangy aromas of orange and lime rind meet with warm hints of freshly cut pear on the likable nose of this bottling. The palate is rounded with honeydew and white-melon flavors, made more complex by wet rock elements. It is incredibly easy to drink.                      Matt Kettmann ",,Swanson 2019 Pinot Grigio (San Benito),$21 , California,88, Central Coast,San Benito,Not rated yet [Add Your Review],Pinot Grigio,2019,Swanson
151,13.50%,"Livermore Valley, Central Coast, California, US",750 ml,White, US,11/1/20,"
                      This unusual wine appears as a light-copper-colored ros√©, showing the true color of the Pinot Gris grape skins. It's full of prosciutto and melon flavors, has a rather full body and a hint of tangy acidity for good balance.                      Jim Gordon ",Vintner Select,Longevity 2019 Vintner Select Pinot Grigio (Livermore Valley),$26 , California,88, Central Coast,Livermore Valley,Not rated yet [Add Your Review],Pinot Grigio,2019,Longevity
152,13.70%,"Fair Play, Sierra Foothills, California, US",750 ml,White, US,11/1/20,"
                      Quite rich and concentrated, this ripe and peachy-tasting wine offers a mouthfilling full body and ample fruit flavors.                      Jim Gordon ",Lemley Ranch,Oakstone 2019 Lemley Ranch Pinot Grigio (Fair Play),$28 , California,88, Sierra Foothills,Fair Play,Not rated yet [Add Your Review],Pinot Grigio,2019,Oakstone
154,12%,"Clarksburg, Central Valley, California, US",750 ml,White, US,11/1/20,"
                      This is a straightforward, crisp and clean wine with good acidity and mild fruit flavors. It's light bodied and refreshing, good for everyday occasions.                      Jim Gordon ",,Bogle 2018 Pinot Grigio (Clarksburg),$11 , California,87, Central Valley,Clarksburg,Not rated yet [Add Your Review],Pinot Grigio,2018,Bogle
155,13.50%,"California, California Other, California, US",750 ml,White, US,11/1/20,"
                      This ripe and mouthfilling wine shows a soft fruitiness, a nicely full body and laid-back pear flavors.                      Jim Gordon ",,Three Thieves 2019 Pinot Grigio (California),$11 , California,86, California Other,California,Not rated yet [Add Your Review],Pinot Grigio,2019,Three Thieves
156,12%,"California, California Other, California, US",750 ml,White, US,11/1/20,"
                      A slightly smoky, petrol aroma and lip-smacking apricot flavors help this light-bodied wine stand out. It's a bit earthy and unorthodox but fun to drink.                      Jim Gordon ",,Josh Cellars 2019 Pinot Grigio (California),$15 , California,86, California Other,California,Not rated yet [Add Your Review],Pinot Grigio,2019,Josh Cellars
166,13.50%,"Collio, Northeastern Italy, Italy",750 ml,White, Italy,10/1/20,"
                      Classic varietal aromas of crushed tomato vine, exotic fruit and wild herb almost jump out of the glass. On the vibrant, savory palate, tangy acidity underscores pineapple, grapefruit and green melon, while an energizing mineral note evoking saline lingers on the finish.                      Kerin O‚ÄôKeefe ",Ronco del Cer√≤,Venica & Venica 2019 Ronco del Cer√≤ Pinot Grigio (Collio),$28 , Northeastern Italy,93,Collio,,Not rated yet [Add Your Review],Pinot Grigio,2019,Venica & Venica
169,13%,"Friuli, Northeastern Italy, Italy",750 ml,White, Italy,10/1/20,"
                      Aromas of Alpine herb, white spring flower and ripe orchard fruit mingle together in the glass. Tangy and rounded, the savory palate boasts intense flavor and finesse, doling out ripe yellow pear, white peach and a hint of green melon alongside fresh acidity.                      Kerin O‚ÄôKeefe ",,Jermann 2019 Pinot Grigio (Friuli),$30 , Northeastern Italy,92,Friuli,,Not rated yet [Add Your Review],Pinot Grigio,2019,Jermann
179,13.50%,"Collio, Northeastern Italy, Italy",750 ml,White, Italy,10/1/20,"
                      This copper-colored wine has a perfumed nose evoking spring wildflowers and white stone fruit with whiffs of wild herb. The savory palate features juicy peach, white cherry and ginger notes alongside tangy acidity.                      Kerin O‚ÄôKeefe ",Jesera,Venica & Venica 2019 Jesera Pinot Grigio (Collio),$24 , Northeastern Italy,92,Collio,,Not rated yet [Add Your Review],Pinot Grigio,2019,Venica & Venica
202,13%,"Collio, Northeastern Italy, Italy",750 ml,White, Italy,10/1/20,"
                      Aromas evoking hawthorn and cantaloupe mingle with scents of Alpine herb on this savory, structured Pinot Grigio. On the rounded palate, fresh acidity lifts mature pear, Rennet apple and a hint of nectarine. It closes on a saline note.                      Kerin O‚ÄôKeefe ",,Schiopetto 2018 Pinot Grigio (Collio),$30 , Northeastern Italy,91,Collio,,Not rated yet [Add Your Review],Pinot Grigio,2018,Schiopetto
204,13.50%,"Collio, Northeastern Italy, Italy",750 ml,White, Italy,10/1/20,"
                      Aromas of elderflower and green melon lead the nose along with a hint of hay. On the medium-bodied palate, a note of honeyed almond accompanies mature pear and ripe apple. Tangy acidity lifts the finish.                      Kerin O‚ÄôKeefe ",,Ferruccio Sgubin 2018 Pinot Grigio (Collio),$20 , Northeastern Italy,90,Collio,,Not rated yet [Add Your Review],Pinot Grigio,2018,Ferruccio Sgubin
206,13.50%,"Collio, Northeastern Italy, Italy",750 ml,White, Italy,10/1/20,"
                      Lightly scented, this vibrant white offers delicate aromas of white stone fruit and spring wildflowers. It's racy and chiseled, featuring apple, pear and ginger flavors before a crisp, mineral finish.                      Kerin O‚ÄôKeefe ",,Gradis'ciutta 2018 Pinot Grigio (Collio),$22 , Northeastern Italy,90,Collio,,Not rated yet [Add Your Review],Pinot Grigio,2018,Gradis'ciutta
207,13%,"Collio, Northeastern Italy, Italy",750 ml,White, Italy,10/1/20,"
                      Beeswax, fresh pollen and white stone fruit aromas waft out of the glass. The tangy, polished palate offers mature Bartlett pear, yellow apple and citrus drop candy before an almond close.                      Kerin O‚ÄôKeefe ",,La Rajade 2018 Pinot Grigio (Collio),$18 , Northeastern Italy,90,Collio,,Not rated yet [Add Your Review],Pinot Grigio,2018,La Rajade
210,13%,"Collio, Northeastern Italy, Italy",750 ml,White, Italy,10/1/20,"
                      Beeswax, fresh pollen and white stone fruit aromas waft out of the glass. The tangy, polished palate offers mature Bartlett pear, yellow apple and citrus drop candy before an almond close.                      Kerin O‚ÄôKeefe ",,La Rajade 2018 Pinot Grigio (Collio),$18 , Northeastern Italy,90,Collio,,Not rated yet [Add Your Review],Pinot Grigio,2018,La Rajade
212,13%,"Collio, Northeastern Italy, Italy",750 ml,White, Italy,10/1/20,"
                      Spring blossom and summer orchard fruit aromas are front and center. On the savory, linear palate, tangy acidity accompanies Bartlett pear, Granny Smith apple and white peach before a white almond close.                      Kerin O‚ÄôKeefe ",,Villa Russiz 2018 Pinot Grigio (Collio),$23 , Northeastern Italy,90,Collio,,Not rated yet [Add Your Review],Pinot Grigio,2018,Villa Russiz
219,13.50%,"Collio, Northeastern Italy, Italy",750 ml,White, Italy,10/1/20,"
                      Aromas of spring blossoms waft out of the glass. Bright and savory, the palate doles out ripe Bartlett pear, lemon drop candy and an inviting hint of bread dough alongside tangy acidity.                      Kerin O‚ÄôKeefe ",,Borgo Conventi 2018 Pinot Grigio (Collio),$19 , Northeastern Italy,90,Collio,,Not rated yet [Add Your Review],Pinot Grigio,2018,Borgo Conventi
220,13.50%,"Collio, Northeastern Italy, Italy",750 ml,White, Italy,10/1/20,"
                      Aromas of white stone fruit and chamomile shape the nose along with a yeasty whiff of bread crust. On the racy palate, crisp acidity accompanies mature pear, white cherry and a dollop of vanilla before an almond close.                      Kerin O‚ÄôKeefe ",Joy,Castello di Spessa 2018 Joy Pinot Grigio (Collio),$22 , Northeastern Italy,90,Collio,,Not rated yet [Add Your Review],Pinot Grigio,2018,Castello di Spessa
236,13.50%,"Alto Adige, Northeastern Italy, Italy",750 ml,White, Italy,10/1/20,"
                      Tangy and delicious, this vibrant white opens with delicate scents of spring blossoms and white stone fruit. On the crisp palate, fresh acidity accompanies green apple, white peach and fennel.                      Kerin O‚ÄôKeefe ",,Kettmeir 2019 Pinot Grigio (Alto Adige),$20 , Northeastern Italy,90,Alto Adige,,Not rated yet [Add Your Review],Pinot Grigio,2019,Kettmeir
243,13.50%,"Collio, Northeastern Italy, Italy",750 ml,White, Italy,10/1/20,"
                      Spring blossom, ripe orchard fruit and botanical herb aromas form the inviting nose. Round and medium bodied, the dry palate shows Bartlett pear, apple and a hint of white almond accompanied by tangy acidity.                      Kerin O‚ÄôKeefe ",,Vigna del Lauro 2019 Pinot Grigio (Collio),$22 , Northeastern Italy,89,Collio,,Not rated yet [Add Your Review],Pinot Grigio,2019,Vigna del Lauro
247,13.50%,"Collio, Northeastern Italy, Italy",750 ml,White, Italy,10/1/20,"
                      Spring blossom, ripe orchard fruit and botanical herb aromas form the inviting nose. Round and medium bodied, the dry palate shows Bartlett pear, apple and a hint of white almond accompanied by tangy acidity.                      Kerin O‚ÄôKeefe ",,Vigna del Lauro 2019 Pinot Grigio (Collio),$22 , Northeastern Italy,89,Collio,,Not rated yet [Add Your Review],Pinot Grigio,2019,Vigna del Lauro
249,14%,"Collio, Northeastern Italy, Italy",750 ml,White, Italy,10/1/20,"
                      Ripe white stone fruit and spring blossom aromas waft out of the glass on this medium-bodied white along with a whiff of sea breeze. The vibrant palate offers ripe pear, saline and white almond alongside tangy acidity.                      Kerin O‚ÄôKeefe ",,Ronco Blanchis 2019 Pinot Grigio (Collio),$20 , Northeastern Italy,89,Collio,,Not rated yet [Add Your Review],Pinot Grigio,2019,Ronco Blanchis
250,13%,"Collio, Northeastern Italy, Italy",750 ml,White, Italy,10/1/20,"
                      White spring blossoms and Granny Smith apple waft out of the glass along with an inviting, subtle whiff evoking bread dough. Bright and savory, the medium-bodied palate shows Bartlett pear, green melon and citrus zest alongside tangy acidity.                      Kerin O‚ÄôKeefe ",,Sturm 2019 Pinot Grigio (Collio),$24 , Northeastern Italy,89,Collio,,Not rated yet [Add Your Review],Pinot Grigio,2019,Sturm
263,13%,"Collio, Northeastern Italy, Italy",750 ml,White, Italy,10/1/20,"
                      This has subtle aromas suggesting spring blossoms and orchard fruit. On the medium-bodied palate, tangy acidity accompanies honeydew and green apple before a bitter almond close.                      Kerin O‚ÄôKeefe ",,Primosic 2019 Pinot Grigio (Collio),$18 , Northeastern Italy,89,Collio,,Not rated yet [Add Your Review],Pinot Grigio,2019,Primosic
291,13%,"Delle Venezie, Northeastern Italy, Italy",750 ml,White, Italy,10/1/20,"
                      Made with organically farmed grapes and packaged in an extremely heavy bottle, this has aromas of tropical fruit and green apple. On the racy, rather lean palate, crisp acidity accompanies suggestions of green melon, Granny Smith apple and a hint of citrus.                      Kerin O‚ÄôKeefe ",Wolhlgemuth,Monte Zovo 2019 Wolhlgemuth Pinot Grigio (Delle Venezie),$17 , Northeastern Italy,87,Delle Venezie,,Not rated yet [Add Your Review],Pinot Grigio,2019,Monte Zovo
293,13.50%,"Collio, Northeastern Italy, Italy",750 ml,White, Italy,10/1/20,"
                      Aromas of banana and Granny Smith apple follow over the palate along with ripe honeydew. Bright acidity keeps it fresh and tangy.                      Kerin O‚ÄôKeefe ",,Cantina Produttori di Cormons 2019 Pinot Grigio (Collio),N/A, Northeastern Italy,87,Collio,,Not rated yet [Add Your Review],Pinot Grigio,2019,Cantina Produttori di Cormons
296,13.50%,"Collio, Northeastern Italy, Italy",750 ml,White, Italy,10/1/20,"
                      Delicate scents of spring wildflowers, white stone fruit and a hint of nut form the subtle nose. On the palate, bright acidity accompanies pear, candied tangerine slice and bitter almond.                      Kerin O‚ÄôKeefe ",,Tenuta di Angoris 2018 Pinot Grigio (Collio),$20 , Northeastern Italy,87,Collio,,Not rated yet [Add Your Review],Pinot Grigio,2018,Tenuta di Angoris
298,13.50%,"Collio, Northeastern Italy, Italy",750 ml,White, Italy,10/1/20,"
                      Subtle aromas evoking beeswax and spring flowers form the delicate nose. On the linear palate, bright acidity accompanies mature yellow pear and a savory, saline-like mineral note.                      Kerin O‚ÄôKeefe ",,Pighin 2019 Pinot Grigio (Collio),$25 , Northeastern Italy,87,Collio,,Not rated yet [Add Your Review],Pinot Grigio,2019,Pighin
300,13%,"Collio, Northeastern Italy, Italy",750 ml,White, Italy,10/1/20,"
                      This has a shy nose that eventually offers mere whiffs of yellow wildflowers and white stone fruit. The palate is also subdued, suggesting mature peach before a bitter almond close.                      Kerin O‚ÄôKeefe ",,Ascevi Luwa 2018 Pinot Grigio (Collio),$18 , Northeastern Italy,86,Collio,,Not rated yet [Add Your Review],Pinot Grigio,2018,Ascevi Luwa
301,12%,"Delle Venezie, Northeastern Italy, Italy",750 ml,White, Italy,10/1/20,"
                      Banana and elderflower aromas leap to the forefront. The banana note follows on the tangy palate along with green apple and tangy acidity. It's simple but well-made.                      Kerin O‚ÄôKeefe ",,Villa Girardi 2019 Pinot Grigio (Delle Venezie),$19 , Northeastern Italy,86,Delle Venezie,,Not rated yet [Add Your Review],Pinot Grigio,2019,Villa Girardi
303,12%,"Delle Venezie, Northeastern Italy, Italy",750 ml,White, Italy,10/1/20,"
                      This simple white has a shy nose offering whiffs of spring flowers and white stone fruit. It's bright and informal, offering suggestions of green apple and citrus alongside brisk acidity.                      Kerin O‚ÄôKeefe ",Le Rosse,Tommasi 2019 Le Rosse Pinot Grigio (Delle Venezie),$18 , Northeastern Italy,85,Delle Venezie,,Not rated yet [Add Your Review],Pinot Grigio,2019,Tommasi
327,11.70%,"Santa Cruz Mountains, Central Coast, California, US",750 ml,White, US,9/1/20,"
                      Very tight on the nose, this bottling, which features an old-timey label from the family's deep history, offers tangerine and Meyer lemon pith on the nose along with a light brush of white flower and lime blossom. The palate produces wet stone flavors against nectarine, honeysuckle and a strong pink-grapefruit citrus element.                      Matt Kettmann ",Regan Vineyards,Bargetto 2018 Regan Vineyards Pinot Grigio (Santa Cruz Mountains),$28 , California,89, Central Coast,Santa Cruz Mountains,Not rated yet [Add Your Review],Pinot Grigio,2018,Bargetto
335,13.50%,"Monterey County, Central Coast, California, US",750 ml,White, US,9/1/20,"
                      Candied green apple, honeydew and hints of jasmine show on the nose of this bottling. The palate offers green touches of cut lawn and Granny Smith apple, but there is also a riper hint of red apple.                      Matt Kettmann ",152,Noble Vines 2019 152 Pinot Grigio (Monterey County),$13 , California,89, Central Coast,Monterey County,Not rated yet [Add Your Review],Pinot Grigio,2019,Noble Vines
337,12%,"California, California Other, California, US",3 L,White, US,9/1/20,"
                      Don't be put off by the box format. Floral aromas and ripe melon and citrus flavors dominate this enjoyable, medium- to full-bodied wine. It feels nicely round and mouthfilling in texture.                      Jim Gordon ",,Kirkland Signature 2019 Pinot Grigio (California),$13 , California,88, California Other,California,Not rated yet [Add Your Review],Pinot Grigio,2019,Kirkland Signature
341,14.10%,"Monterey, Central Coast, California, US",750 ml,White, US,9/1/20,"
                      A light shade of pink, this bottling begins with tightly wound aromas of brisk lemon spray and wet soil. It's refreshing on the palate with citrus peel and a slight pear flavor.                      Matt Kettmann ",,Maddalena 2019 Pinot Grigio (Monterey),$20 , California,88, Central Coast,Monterey,Not rated yet [Add Your Review],Pinot Grigio,2019,Maddalena
343,12%,"Transylvania, Romania",750 ml,White, Romania,9/1/20,"
                      Aromas of white peach and citrus blossom lead to flavors of apricot, yellow peach and apple in the palate. It has good mouthfeel and the finish is soft and fruity.                      Jeff Jenssen ",Legendary Estate Series,Cramele Recas 2019 Legendary Estate Series Pinot Grigio (Transylvania),$9 ,Transylvania,87,,,Not rated yet [Add Your Review],Pinot Grigio,2019,Cramele Recas
345,12%,"Lodi, Central Valley, California, US",750 ml,White, US,9/1/20,"
                      This wine is clean and lean, offering light herb and crisp apple flavors on a light body. It provides good, simple refreshment.                      Jim Gordon ",Hybrid,Cliche 2019 Hybrid Pinot Grigio (Lodi),$12 , California,86, Central Valley,Lodi,Not rated yet [Add Your Review],Pinot Grigio,2019,Cliche
346,N/A,"California, California Other, California, US",750 ml,White, US,9/1/20,"
                      This medium-bodied wine is almost neutral in flavor: nothing to dislike but not much to appreciate. It has reasonable acidity and freshness and very simple, crisp apple flavors.                      Jim Gordon ",,Harthill Farms NV Pinot Grigio (California),$10 , California,85, California Other,California,Not rated yet [Add Your Review],Pinot Grigio,,Harthill Farms
348,12%,"Romania, Romania",750 ml,White, Romania,9/1/20,"
                      This Pinot Grigio is straw colored, with aromas of apple blossom and lemon pith. It is light bodied, with flavors of Bartlett pear, grapefruit and pineapple. The finish has a touch of fruit sweetness.                      Jeff Jenssen ",Paparuda Estate Selection,Cramele Recas 2019 Paparuda Estate Selection Pinot Grigio (Romania),$9 ,Romania,85,,,Not rated yet [Add Your Review],Pinot Grigio,2019,Cramele Recas
355,12.50%,"Columbia Valley (WA), Columbia Valley, Washington, US",750 ml,White, US,8/1/20,"
                      Light aromas of green and yellow apple and Oregon pear lead to a dry, flavorful palate etched with lively acidity that draws out the finish. There's a whole lot to like.                      Sean P. Sullivan ",,Milbrandt 2019 Pinot Grigio (Columbia Valley (WA)),$15 , Washington,89, Columbia Valley,Columbia Valley (WA),Not rated yet [Add Your Review],Pinot Grigio,2019,Milbrandt
362,12.50%,"Valdadige, Veneto, Italy",750 ml,White, Italy,8/1/20,"
                      A green apple aroma follows over to the fresh palate along with green melon and a hint of white almond. Tangy acidity keeps it lively.                      Kerin O‚ÄôKeefe ",,Confetti! 2019 Pinot Grigio (Valdadige),$12 , Veneto,87,Valdadige,,Not rated yet [Add Your Review],Pinot Grigio,2019,Confetti!
364,13%,"Valdadige, Veneto, Italy",750 ml,White, Italy,8/1/20,"
                      This copper-colored Pinot Grigio has delicate aromas of banana and yellow stone fruit. On the fresh palate, tangy acidity lifts yellow peach and a hint of red berry.                      Kerin O‚ÄôKeefe ",Terradeiforti Colle¬†Ara,Albino Armani 2018 Terradeiforti Colle¬†Ara Pinot Grigio (Valdadige),$22 , Veneto,87,Valdadige,,Not rated yet [Add Your Review],Pinot Grigio,2018,Albino Armani
365,13%,"Valdadige, Veneto, Italy",750 ml,White, Italy,8/1/20,"
                      Honeysuckle and banana aromas lead the nose. The banana note carries over to the palate along with hints of pineapple and tangy acidity.                      Kerin O‚ÄôKeefe ",Corvara,Albino Armani 2019 Corvara Pinot Grigio (Valdadige),$15 , Veneto,86,Valdadige,,Not rated yet [Add Your Review],Pinot Grigio,2019,Albino Armani
366,12%,"Grand River Valley, Ohio, US",750 ml,Rose, US,8/1/20,"
                      An effusive rose aroma melds with red berry and a suggestion of fresh mint on the nose. The palate offers bruised apple, tart grapefruit, golden raspberry and wildflowers. There is a chalky feeling, and acidity weaves between tart and juicy, finishing with chalk and ruby grapefruit.                      Fiona Adams ",Ros√© of,Cask Three Oh Seven 2018 Ros√© of Pinot Grigio (Grand River Valley),$25 , Ohio,85,Grand River Valley,,Not rated yet [Add Your Review],Pinot Grigio,2018,Cask Three Oh Seven
367,13%,"Valdadige, Veneto, Italy",750 ml,White, Italy,8/1/20,"
                      Light bodied and diluted, this has subdued sensations recalling pear and citrus. It's bright, with crisp acidity.                      Kerin O‚ÄôKeefe ",,Il Casato 2019 Pinot Grigio (Valdadige),$12 , Veneto,84,Valdadige,,Not rated yet [Add Your Review],Pinot Grigio,2019,Il Casato
368,14%,"Alto Adige Valle Isarco, Northeastern Italy, Italy",750 ml,White, Italy,7/1/20,"
                      Spring blossom and ripe white stone fruit mingle with a whiff of cantaloupe on this delicious white. The aromas carry over to the round, full-bodied palate along with nutmeg and white almond. Tangy acidity lifts the rich flavors.                      Kerin O‚ÄôKeefe ",,Kofererhof 2018 Pinot Grigio (Alto Adige Valle Isarco),N/A, Northeastern Italy,92,Alto Adige Valle Isarco,,Not rated yet [Add Your Review],Pinot Grigio,2018,Kofererhof
369,N/A,"Trentino, Northeastern Italy, Italy",750 ml,White, Italy,7/1/20,"
                      Crisp and elegantly structured, this fragrant white has enticing scents of elderflower, white stone fruit and Alpine herb. On the savory palate, notes of ginger and a hint of cedar back up juicy yellow pear, white peach and lemon drop before finishing on a fennel note.                      Kerin O‚ÄôKeefe ",Riserva,Castel Firmian 2018 Riserva Pinot Grigio (Trentino),$25 , Northeastern Italy,92,Trentino,,Not rated yet [Add Your Review],Pinot Grigio,2018,Castel Firmian
370,13.50%,"Trentino Superiore, Northeastern Italy, Italy",750 ml,White, Italy,7/1/20,"
                      Hawthorn, white stone-fruit and bread-dough aromas mingle with whiffs of Alpine herb and hazelnut on this elegant white. The polished palate delivers creamy white peach, ripe yellow pear, almond and citrus zest before finishing on a honeyed note. Fresh acidity brightens the rich flavors.                      Kerin O‚ÄôKeefe ",Musivum Vicina,Mezzacorona 2016 Musivum Vicina Pinot Grigio (Trentino Superiore),$55 , Northeastern Italy,92,Trentino Superiore,,Not rated yet [Add Your Review],Pinot Grigio,2016,Mezzacorona
372,13.50%,"Alto Adige Valle Isarco, Northeastern Italy, Italy",750 ml,White, Italy,7/1/20,"
                      Aromas of green apple, pear and citrus follow over to the savory palate along with green melon, ginger and tangerine zest. It's bright and delicious, with tangy acidity before a fresh, clean close.                      Kerin O‚ÄôKeefe ",,Abbazia di Novacella 2019 Pinot Grigio (Alto Adige Valle Isarco),$20 , Northeastern Italy,92,Alto Adige Valle Isarco,,Not rated yet [Add Your Review],Pinot Grigio,2019,Abbazia di Novacella
373,14%,"Alto Adige, Northeastern Italy, Italy",750 ml,White, Italy,7/1/20,"
                      Acacia-flower, white stone-fruit and citrusy aromas waft out of the glass. On the full-bodied palate, hints of ginger accent yellow pear, white peach and lemon zest before a hint of white almond. Tangy acidity lifts the rich flavors.                      Kerin O‚ÄôKeefe ",Punggl,Nals Margreid 2018 Punggl Pinot Grigio (Alto Adige),$32 , Northeastern Italy,91,Alto Adige,,Not rated yet [Add Your Review],Pinot Grigio,2018,Nals Margreid
374,14%,"Alto Adige, Northeastern Italy, Italy",750 ml,White, Italy,7/1/20,"
                      This structured white opens with delicate scents of beeswax, white stone fruit and chamomile flower. On the round, medium-bodied palate, notes of honeyed almond accent yellow pear and creamy white peach.                      Kerin O‚ÄôKeefe ",Penoner,Cantina Kurtatsch 2018 Penoner Pinot Grigio (Alto Adige),$29 , Northeastern Italy,91,Alto Adige,,Not rated yet [Add Your Review],Pinot Grigio,2018,Cantina Kurtatsch
375,12.50%,"Vigneti delle Dolomiti, Northeastern Italy, Italy",750 ml,White, Italy,7/1/20,"
                      Aromas of honeysuckle, green apple and honeydew melon follow through to the juicy palate, along with a note of white peach. Tangy acidity lifts the rich flavors.                      Kerin O‚ÄôKeefe ",,Tiefenbrunner 2019 Pinot Grigio (Vigneti delle Dolomiti),$19 , Northeastern Italy,91,Vigneti delle Dolomiti,,Not rated yet [Add Your Review],Pinot Grigio,2019,Tiefenbrunner
376,14%,"Alto Adige, Northeastern Italy, Italy",750 ml,White, Italy,7/1/20,"
                      This structured, delicious white shows Pinot Grigio's serious side, delivering juicy flavors of ripe yellow pear, apple, creamy peach and fennel. Tangy acidity and saline-like mineral notes and lemon thyme linger on the finish.                      Kerin O‚ÄôKeefe ",Hill,Nals Margreid 2018 Hill Pinot Grigio (Alto Adige),$19 , Northeastern Italy,90,Alto Adige,,Not rated yet [Add Your Review],Pinot Grigio,2018,Nals Margreid
378,13.50%,"Alto Adige, Northeastern Italy, Italy",750 ml,White, Italy,7/1/20,"
                      Subtle aromas evoking honeydew melon, white stone fruit and Alpine wild flower shape the delicate nose. Round and medium bodied, the palate offers ripe yellow pear, white almond and tangy mineral before closing on a fennel note.                      Kerin O‚ÄôKeefe ",Vigna Castel Ringberg,Elena Walch 2018 Vigna Castel Ringberg Pinot Grigio (Alto Adige),$27 , Northeastern Italy,90,Alto Adige,,Not rated yet [Add Your Review],Pinot Grigio,2018,Elena Walch
381,14%,"Alto Adige, Northeastern Italy, Italy",750 ml,White, Italy,7/1/20,"
                      Aged for seven months in large oak casks, this full-bodied white has aromas suggesting white stone fruit, coconut and a whiff of coffee bean. The aromas follow through to the rounded palate, along with fruity sensations of apricot and yellow apple.                      Kerin O‚ÄôKeefe ",Turmhof,Tiefenbrunner 2018 Turmhof Pinot Grigio (Alto Adige),$25 , Northeastern Italy,90,Alto Adige,,Not rated yet [Add Your Review],Pinot Grigio,2018,Tiefenbrunner
382,13%,"Alto Adige, Northeastern Italy, Italy",750 ml,White, Italy,7/1/20,"
                      Crisp, clean and linear, this snappy, savory white features white-spring-flower, ripe pear and lemon-zest sensations. Bright acidity and tangy saline notes give it a racy edge and a pristine finish.                      Kerin O‚ÄôKeefe ",,Alois Lageder 2019 Pinot Grigio (Alto Adige),$11 , Northeastern Italy,90,Alto Adige,,Not rated yet [Add Your Review],Pinot Grigio,2019,Alois Lageder
383,13%,"Trentino, Northeastern Italy, Italy",750 ml,White, Italy,7/1/20,"
                      Crisp and refreshing, this bright wine opens with aromas of white stone fruit, spring blossom and beeswax. On the tangy, linear palate, vibrant acidity lifts ripe yellow apple, Bartlett pear and a hint of tangy saline.                      Kerin O‚ÄôKeefe ",,Infin√© 1939 2018 Pinot Grigio (Trentino),$27 , Northeastern Italy,90,Trentino,,Not rated yet [Add Your Review],Pinot Grigio,1939,Infin√© 1939
384,14%,"Alto Adige Valle Isarco, Northeastern Italy, Italy",750 ml,White, Italy,7/1/20,"
                      Fermented and aged partly in large casks and partly in barrique, this full-bodied white has aromas and flavors of oak, coconut and cedar. It closes on a bitter-almond note.                      Kerin O‚ÄôKeefe ",Praepositus,Abbazia di Novacella 2018 Praepositus Pinot Grigio (Alto Adige Valle Isarco),$30 , Northeastern Italy,90,Alto Adige Valle Isarco,,Not rated yet [Add Your Review],Pinot Grigio,2018,Abbazia di Novacella
385,12.50%,"Alto Adige, Northeastern Italy, Italy",750 ml,White, Italy,7/1/20,"
                      Aromas of hazelnut, beeswax and honey follow on the medium-bodied palate along with apple, citrus and a hint of mineral. Crisp acidity keeps if fresh and lively.                      Kerin O‚ÄôKeefe ",Porer,Alois Lageder 2018 Porer Pinot Grigio (Alto Adige),$26 , Northeastern Italy,90,Alto Adige,,Not rated yet [Add Your Review],Pinot Grigio,2018,Alois Lageder
386,13.50%,"Alto Adige, Northeastern Italy, Italy",750 ml,White, Italy,7/1/20,"
                      Green apple, elderflower and citrus aromas form the nose. The fruity sensations carry over to the medium-bodied palate along with creamy yellow pear and orange zest before a bright, tangy close.                      Kerin O‚ÄôKeefe ",,Erste Neue 2019 Pinot Grigio (Alto Adige),$23 , Northeastern Italy,90,Alto Adige,,Not rated yet [Add Your Review],Pinot Grigio,2019,Erste Neue
387,13.50%,"Alto Adige Valle Isarco, Northeastern Italy, Italy",750 ml,White, Italy,7/1/20,"
                      Showing the serious side of Pinot Grigio, this offers alluring aromas of elderflower, white stone fruit and crushed Alpine herb. The crisp savory palate delivers ripe pear and Meyer lemon alongside lively acidity and a hint of saline.                      Kerin O‚ÄôKeefe ",,Pacher Hof 2018 Pinot Grigio (Alto Adige Valle Isarco),$32 , Northeastern Italy,90,Alto Adige Valle Isarco,,Not rated yet [Add Your Review],Pinot Grigio,2018,Pacher Hof
388,13%,"Alto Adige, Northeastern Italy, Italy",750 ml,White, Italy,7/1/20,"
                      This offers heady scents of spring blossom, white stone fruit and a whiff of crushed mint. Reflecting the nose, the crisp palate offers Anjou pear, honeydew melon and a hint of Alpine herb.                      Kerin O‚ÄôKeefe ",,Kupelwieser 2019 Pinot Grigio (Alto Adige),$17 , Northeastern Italy,89,Alto Adige,,Not rated yet [Add Your Review],Pinot Grigio,2019,Kupelwieser
389,13.50%,"Alto Adige, Northeastern Italy, Italy",750 ml,White, Italy,7/1/20,"
                      Aromas of ripe pear and green apple carry over to the palate, along with hints of saline and bitter almond. Tangy acidity gives it a juicy finish.                      Kerin O‚ÄôKeefe ",,Peter Zemmer 2019 Pinot Grigio (Alto Adige),$17 , Northeastern Italy,89,Alto Adige,,Not rated yet [Add Your Review],Pinot Grigio,2019,Peter Zemmer
390,13%,"Alto Adige, Northeastern Italy, Italy",750 ml,White, Italy,7/1/20,"
                      This offers delicate scents of white wild flower and honeydew melon while the tangy palate shows pear, lemon drop and a hint of cantaloupe. Fresh acidity gives it a crisp, clean finish.                      Kerin O‚ÄôKeefe ",,Cantina Tramin 2019 Pinot Grigio (Alto Adige),$16 , Northeastern Italy,89,Alto Adige,,Not rated yet [Add Your Review],Pinot Grigio,2019,Cantina Tramin
391,13.50%,"Alto Adige, Northeastern Italy, Italy",750 ml,White, Italy,7/1/20,"
                      Green-apple and citrus aromas follow through to the bright palate along with notes of Alpine herb and green melon. It's fresh, with tangy acidity.                      Kerin O‚ÄôKeefe ",Puiten,Colterenzio 2018 Puiten Pinot Grigio (Alto Adige),$23 , Northeastern Italy,89,Alto Adige,,Not rated yet [Add Your Review],Pinot Grigio,2018,Colterenzio
392,12.50%,"Vigneti delle Dolomiti, Northeastern Italy, Italy",750 ml,White, Italy,7/1/20,"
                      Spring blossom and white stone-fruit aromas mingle together on this fresh, savory white. The light-bodied, rounded palate delivers white peach, juicy pear and a hint of Alpine fennel alongside tangy acidity.                      Kerin O‚ÄôKeefe ",,Franz Haas 2018 Pinot Grigio (Vigneti delle Dolomiti),$14 , Northeastern Italy,89,Vigneti delle Dolomiti,,Not rated yet [Add Your Review],Pinot Grigio,2018,Franz Haas
393,13%,"Alto Adige, Northeastern Italy, Italy",750 ml,White, Italy,7/1/20,"
                      This has delicate aromas suggesting spring blossom and white stone fruit. On the light-bodied palate, fresh acidity accompanies yellow pear and ripe apple.                      Kerin O‚ÄôKeefe ",,Elena Walch 2019 Pinot Grigio (Alto Adige),$18 , Northeastern Italy,88,Alto Adige,,Not rated yet [Add Your Review],Pinot Grigio,2019,Elena Walch
394,12.50%,"Terre di Chieti, Central Italy, Italy",750 ml,White, Italy,7/1/20,"
                      Aromas of almond and red apple carry the nose of this Pinot Grigio that spent up to 12 hours on its skins after crush. Citrus and apple peel flavors are honed by slight melon-rind and almond tones on the palate, with lifted acidity lending support to the creamy frame.                      Alexander Peartree ",Monatic Amber,Novaripa 2018 Monatic Amber Pinot Grigio (Terre di Chieti),$25 , Central Italy,88,Terre di Chieti,,Not rated yet [Add Your Review],Pinot Grigio,2018,Novaripa
395,13.50%,"Washington, Washington Other, Washington, US",750 ml,White, US,7/1/20,"
                      The aromas are pleasing, with notes of pear, crushed flower and apple. Dry, even flavors follow. A lovely sense of acidity ties it together.                      Sean P. Sullivan ",,Beauty in Chaos 2018 Pinot Grigio (Washington),$13 , Washington,88, Washington Other,Washington,Not rated yet [Add Your Review],Pinot Grigio,2018,Beauty in Chaos
396,12.50%,"Vigneti delle Dolomiti, Northeastern Italy, Italy",750 ml,White, Italy,7/1/20,"
                      White stone-fruit and spring-blossom aromas waft out of the glass. On the bright palate, tangy acidity lifts ripe yellow pear and mature apple.                      Kerin O‚ÄôKeefe ",,Bollini 2019 Pinot Grigio (Vigneti delle Dolomiti),$18 , Northeastern Italy,88,Vigneti delle Dolomiti,,Not rated yet [Add Your Review],Pinot Grigio,2019,Bollini
398,13.70%,"Russian River Valley, Sonoma, California, US",750 ml,White, US,7/1/20,"
                      Entirely stainless-steel fermented and aged, this lively white wine has wide appeal in its sweet floral nose and layers of vanilla and peach. Expressive, textured and bright, it is well made.                      Virginie Boone ",,Ferrari-Carano 2019 Pinot Grigio (Russian River Valley),$16 , California,88, Sonoma,Russian River Valley,Not rated yet [Add Your Review],Pinot Grigio,2019,Ferrari-Carano
401,13.50%,"Alto Adige, Northeastern Italy, Italy",750 ml,White, Italy,7/1/20,"
                      The wine has a shy nose that eventually suggests crushed stone and Bartlett pear. On the linear palate, tangy acidity accompanies ripe yellow apple, lemon thyme and a hint of dried chamomile.                      Kerin O‚ÄôKeefe ",,St. Pauls 2019 Pinot Grigio (Alto Adige),$22 , Northeastern Italy,88,Alto Adige,,Not rated yet [Add Your Review],Pinot Grigio,2019,St. Pauls
402,14%,"Alto Adige, Northeastern Italy, Italy",750 ml,White, Italy,7/1/20,"
                      Aged in large cask and tonneaux, this has aromas of beeswax, cedar and toasted nut. On the round, full-bodied palate, bright acidity lifts butterscotch, pear and honeyed notes before a coffee-bean close.                      Kerin O‚ÄôKeefe ",Unterebner,Tramin 2018 Unterebner Pinot Grigio (Alto Adige),$35 , Northeastern Italy,88,Alto Adige,,Not rated yet [Add Your Review],Pinot Grigio,2018,Tramin
403,12.50%,"Trentino, Northeastern Italy, Italy",750 ml,White, Italy,7/1/20,"
                      One of the best value whites coming out of Italy, this enjoyable wine has aromas of spring blossom and white stone fruit. Crisp and savory, the fresh palate offers yellow pear and juicy citrus before a hint of white almond signals the close.                      Kerin O‚ÄôKeefe ",Estate Bottled,Mezzacorona 2019 Estate Bottled Pinot Grigio (Trentino),$11 , Northeastern Italy,88,Trentino,,Not rated yet [Add Your Review],Pinot Grigio,2019,Mezzacorona
404,13%,"Trentino, Northeastern Italy, Italy",750 ml,White, Italy,7/1/20,"
                      Aromas of green apple and pear march over to the tangy palate along, with a hint of Meyer lemon. Crisp acidity lifts the fruity flavors.                      Kerin O‚ÄôKeefe ",,Bottega Vinaia 2019 Pinot Grigio (Trentino),$16 , Northeastern Italy,88,Trentino,,Not rated yet [Add Your Review],Pinot Grigio,2019,Bottega Vinaia
405,14.30%,"Mendocino, Mendocino County, California, US",750 ml,White, US,7/1/20,"
                      This full-bodied wine is vibrant and structured, showing a spicy, earthy influence in addition to clean and crisp apple and Bosc pear flavors. The texture has a little bite that's appetizing. No added sulfites.                      Jim Gordon ",Organic,Frey 2018 Organic Pinot Grigio (Mendocino),$18 , California,88, Mendocino County,Mendocino,Not rated yet [Add Your Review],Pinot Grigio,2018,Frey
406,13.50%,"Alto Adige, Northeastern Italy, Italy",750 ml,White, Italy,7/1/20,"
                      Crisp and medium-bodied, this refreshing white has pretty aromas of white spring flower and pear. The tangy palate offers ripe apple, white peach and a citrusy note alongside vibrant acidity before an almond close.                      Kerin O‚ÄôKeefe ",,Kellerei Kaltern Caldaro 2019 Pinot Grigio (Alto Adige),$22 , Northeastern Italy,88,Alto Adige,,Not rated yet [Add Your Review],Pinot Grigio,2019,Kellerei Kaltern Caldaro
407,13%,"Vigneti delle Dolomiti, Northeastern Italy, Italy",750 ml,White, Italy,7/1/20,"
                      Aromas of toasted nut, oak and coconut lead the nose along with a whiff of white stone fruit. The racy palate is on the lean side, evoking yellow apple, bitter almond and hints of butterscotch alongside brisk acidity.                      Kerin O‚ÄôKeefe ",Maso Papa,Maso Cantaghel 2018 Maso Papa Pinot Grigio (Vigneti delle Dolomiti),N/A, Northeastern Italy,87,Vigneti delle Dolomiti,,Not rated yet [Add Your Review],Pinot Grigio,2018,Maso Cantaghel
408,11.50%,"South Eastern Australia, Australia Other, Australia",750 ml,White, Australia,7/1/20,"
                      This is a fruity Pinot Grigio that leads with lime, pineapple rind, lychee and honeysuckle. It's a little on the candied side, but plenty will find it appealing. Acidity on the palate is crisp and bright, buoying a creamy, fruity mouthfeel. A bitter melon-rind note shows on the finish.                      Christina Pickard ",,Yellow Tail 2019 Pinot Grigio (South Eastern Australia),$8 , Australia Other,87,South Eastern Australia,,Not rated yet [Add Your Review],Pinot Grigio,2019,Yellow Tail
409,14%,"Alto Adige, Northeastern Italy, Italy",750 ml,White, Italy,7/1/20,"
                      Anjou pear aromas follow over to the straightforward tangy palate, along with notes of green apple and citrus. Bright acidity keeps it fresh.                      Kerin O‚ÄôKeefe ",,Girlan 2019 Pinot Grigio (Alto Adige),$23 , Northeastern Italy,87,Alto Adige,,Not rated yet [Add Your Review],Pinot Grigio,2019,Girlan
410,14%,"Alto Adige, Northeastern Italy, Italy",750 ml,White, Italy,7/1/20,"
                      This has a subdued nose that eventually reveals whiffs of pressed chamomile flower toasted hazelnut. The palate is shy in terms of fruit richness, suggesting bitter almond and lemon zest alongside brisk acidity.                      Kerin O‚ÄôKeefe ",Soll,Kellerei Kaltern Caldaro 2018 Soll Pinot Grigio (Alto Adige),$26 , Northeastern Italy,87,Alto Adige,,Not rated yet [Add Your Review],Pinot Grigio,2018,Kellerei Kaltern Caldaro
411,14.50%,"Alto Adige, Northeastern Italy, Italy",750 ml,White, Italy,7/1/20,"
                      French oak, butterscotch and coconut aromas dominate the nose. The flavors follow through to the firm, full-bodied along with cedar, vanilla and coffee bean but it lacks fruit richness.                      Kerin O‚ÄôKeefe ",Giati Riserva,Peter Zemmer 2017 Giati Riserva Pinot Grigio (Alto Adige),$35 , Northeastern Italy,87,Alto Adige,,Not rated yet [Add Your Review],Pinot Grigio,2017,Peter Zemmer
412,12.50%,"Vigneti delle Dolomiti, Northeastern Italy, Italy",750 ml,White, Italy,7/1/20,"
                      This has fruity aromas of honeydew melon and green apple. The aromas follow through to the light, easygoing palate along with a hint of peach and crisp acidity.                      Kerin O‚ÄôKeefe ",,Alta Luna 2019 Pinot Grigio (Vigneti delle Dolomiti),$13 , Northeastern Italy,87,Vigneti delle Dolomiti,,Not rated yet [Add Your Review],Pinot Grigio,2019,Alta Luna
413,13%,"Vigneti delle Dolomiti, Northeastern Italy, Italy",750 ml,White, Italy,7/1/20,"
                      This opens with delicate scents of spring blossom and red berry, and (thanks to brief maceration of the grape skins in the must) a pretty copper color. On the palate, tangy acidity accompanies peach and pomegranate before a saline close.                      Kerin O‚ÄôKeefe ",,Casata Monfort 2019 Pinot Grigio (Vigneti delle Dolomiti),$20 , Northeastern Italy,87,Vigneti delle Dolomiti,,Not rated yet [Add Your Review],Pinot Grigio,2019,Casata Monfort
414,12.50%,"Delle Venezie, Northeastern Italy, Italy",750 ml,White, Italy,7/1/20,"
                      The rather shy nose evokes spring wildflower and white stone fruit. On the crisp palate, vibrant acidity accompanies suggestions of green apple and pear before a citrusy close.                      Kerin O‚ÄôKeefe ",,Kris 2019 Pinot Grigio (Delle Venezie),$15 , Northeastern Italy,87,Delle Venezie,,Not rated yet [Add Your Review],Pinot Grigio,2019,Kris
415,13%,"Alto Adige, Northeastern Italy, Italy",750 ml,White, Italy,7/1/20,"
                      Crisp and clean, this opens with delicate aromas of spring blossom and white stone fruit. On the vibrant palate, fresh acidity accompanies green apple and a hint of white peach.                      Kerin O‚ÄôKeefe ",,Tolloy 2019 Pinot Grigio (Alto Adige),$20 , Northeastern Italy,87,Alto Adige,,Not rated yet [Add Your Review],Pinot Grigio,2019,Tolloy
416,12.50%,"Delle Venezie, Northeastern Italy, Italy",750 ml,White, Italy,7/1/20,"
                      Fruity aromas of apple and pear follow over to the light-bodied palate, along with a hint of green melon. Tangy acidity gives it a bright finish.                      Kerin O‚ÄôKeefe ",,Zenato 2019 Pinot Grigio (Delle Venezie),$15 , Northeastern Italy,87,Delle Venezie,,Not rated yet [Add Your Review],Pinot Grigio,2019,Zenato
417,13%,"Vigneti delle Dolomiti, Northeastern Italy, Italy",750 ml,White, Italy,7/1/20,"
                      This has delicate scents suggesting spring blossom and white stone fruit. On the tangy palate, fresh acidity accompanies white peach and green apple while the barest hint of almond marks the close.                      Kerin O‚ÄôKeefe ",Mont M√®s,Castelfeder 2019 Mont M√®s Pinot Grigio (Vigneti delle Dolomiti),$14 , Northeastern Italy,87,Vigneti delle Dolomiti,,Not rated yet [Add Your Review],Pinot Grigio,2019,Castelfeder
418,12.50%,"Trentino, Northeastern Italy, Italy",750 ml,White, Italy,7/1/20,"
                      White stone-fruit and yellow wild-flower aromas form the delicate nose. On the refreshing palate, tangy acidity accompanies honeydew melon and ripe Bartlett pear.                      Kerin O‚ÄôKeefe ",,Castel Firmian 2019 Pinot Grigio (Trentino),$16 , Northeastern Italy,87,Trentino,,Not rated yet [Add Your Review],Pinot Grigio,2019,Castel Firmian
419,13%,"California, California Other, California, US",750 ml,White, US,7/1/20,"
                      This wine is clean and refreshing, boasting modest but tasty peach and apple flavors on a fairly crisp texture. It's just what many people are looking for in this variety.                      Jim Gordon ",,Line 39 2018 Pinot Grigio (California),$11 , California,87, California Other,California,Not rated yet [Add Your Review],Pinot Grigio,2018,Line 39
421,12%,"Mendoza, Mendoza Province, Argentina",750 ml,White, Argentina,7/1/20,"
                      A yellow-leaning tint and aromas of spiced apple open this Pinot Grigio that's citrusy and malic in feel. Citrus and apple flavors are more basic than complex, while the finish offers grip and pop.                      Michael Schachner ",[+],Santa Julia 2019 [+] Pinot Grigio (Mendoza),$10 , Mendoza Province,86,Mendoza,,Not rated yet [Add Your Review],Pinot Grigio,2019,Santa Julia
422,12.50%,"Trentino, Northeastern Italy, Italy",750 ml,White, Italy,7/1/20,"
                      Aromas of green apple follow over to the fresh palate along with green melon and a hint of white almond. Tangy acidity keeps it lively.                      Kerin O‚ÄôKeefe ",,La Vis 2019 Pinot Grigio (Trentino),$15 , Northeastern Italy,86,Trentino,,Not rated yet [Add Your Review],Pinot Grigio,2019,La Vis
423,12.50%,"South Eastern Australia, Australia Other, Australia",750 ml,White, Australia,7/1/20,"
                      This is a fruity wine that opens with heady notes of stone fruit, lime and florals. Acidity on the palate is lifted if a bit biting and forced. There are large helpings of fruit, too. A straightforward, easy sipper.                      Christina Pickard ",,Bulletin Place 2018 Pinot Grigio (South Eastern Australia),$11 , Australia Other,86,South Eastern Australia,,Not rated yet [Add Your Review],Pinot Grigio,2018,Bulletin Place
425,13%,"Mendoza, Mendoza Province, Argentina",750 ml,White, Argentina,7/1/20,"
                      This largely colorless Pinot Grigio smells floral and lightly candied, while the palate is fresh and modest. Sweet lime and tropical fruit flavors wrap up on a direct finish with medium acidity.                      Michael Schachner ",Cool Climate Selection,Argento 2018 Cool Climate Selection Pinot Grigio (Mendoza),$12 , Mendoza Province,86,Mendoza,,Not rated yet [Add Your Review],Pinot Grigio,2018,Argento
426,13%,"Trentino, Northeastern Italy, Italy",750 ml,White, Italy,7/1/20,"
                      The shy nose eventually releases delicate aromas of acacia flower and a whiff of white stone fruit. The bright easygoing palate offers yellow pear and a hint of green melon alongside bright acidity.                      Kerin O‚ÄôKeefe ",,Casata Monfort 2019 Pinot Grigio (Trentino),$20 , Northeastern Italy,86,Trentino,,Not rated yet [Add Your Review],Pinot Grigio,2019,Casata Monfort
427,14%,"Alto Adige, Northeastern Italy, Italy",750 ml,White, Italy,7/1/20,"
                      The nose is rather shy but eventually reveals whiffs of beeswax and toasted nut. The palate isn't very expressive, suggesting hints of yellow-apple skin and bitter almond.                      Kerin O‚ÄôKeefe ",,Castel Sallegg 2018 Pinot Grigio (Alto Adige),$22 , Northeastern Italy,86,Alto Adige,,Not rated yet [Add Your Review],Pinot Grigio,2018,Castel Sallegg
428,12%,"California, California Other, California, US",750 ml,White, US,7/1/20,"
                      This light-bodied wine is mild in flavor and well balanced, offering good refreshment and drinkability. Light melon and apple notes ride along with crisp acidity.                      Jim Gordon ",,Bella Impavida 2018 Pinot Grigio (California),$17 , California,86, California Other,California,Not rated yet [Add Your Review],Pinot Grigio,2018,Bella Impavida
429,12.50%,"Alto Adige, Northeastern Italy, Italy",750 ml,White, Italy,7/1/20,"
                      This easygoing white has delicate aromas evoking pear and apple. The aromas follow over to the light-bodied palate along with a hint of green melon.                      Kerin O‚ÄôKeefe ",,Cantine di Ora 2019 Pinot Grigio (Alto Adige),$14 , Northeastern Italy,86,Alto Adige,,Not rated yet [Add Your Review],Pinot Grigio,2019,Cantine di Ora
430,12%,"Delle Venezie, Northeastern Italy, Italy",750 ml,White, Italy,7/1/20,"
                      This wine has delicate aromas of spring blossom and white stone fruit. On the fresh, simple palate, crisp acidity accompanies Anjou pear and yellow apple.                      Kerin O‚ÄôKeefe ",,Cavit 2019 Pinot Grigio (Delle Venezie),$9 , Northeastern Italy,86,Delle Venezie,,Not rated yet [Add Your Review],Pinot Grigio,2019,Cavit
432,13.50%,"Adelaide Hills, South Australia, Australia",750 ml,White, Australia,7/1/20,"
                      Perfumed notes of stone fruit and ginger spice on the nose of this wine are appealing yet on the synthetic side. Likewise on the palate, which is slippery in texture, with slightly forced acidity.                      Christina Pickard ",Tarot,Alpha Box & Dice 2019 Tarot Pinot Grigio (Adelaide Hills),$20 , South Australia,85,Adelaide Hills,,Not rated yet [Add Your Review],Pinot Grigio,2019,Alpha Box & Dice
433,12.50%,"Delle Venezie, Northeastern Italy, Italy",750 ml,White, Italy,7/1/20,"
                      Fresh and light-bodied, this tangy easygoing white has delicate flavors evoking apple and pear before a citrusy close. It's extremely simple but well made, with crisp acidity and would make a refreshing pour for large, informal gatherings.                      Kerin O‚ÄôKeefe ",,Lagaria 2019 Pinot Grigio (Delle Venezie),$12 , Northeastern Italy,85,Delle Venezie,,Not rated yet [Add Your Review],Pinot Grigio,2019,Lagaria
434,12.50%,"Trentino, Northeastern Italy, Italy",750 ml,White, Italy,7/1/20,"
                      Lightly scented and light-bodied, this has subdued aromas suggesting honeydew melon and banana. The aromas carry over to the extremely simple palate, along with crisp acidity.                      Kerin O‚ÄôKeefe ",,Cembra 2019 Pinot Grigio (Trentino),$14 , Northeastern Italy,85,Trentino,,Not rated yet [Add Your Review],Pinot Grigio,2019,Cembra
435,N/A,"Argentina, Other, Argentina",750 ml,White, Argentina,7/1/20,"
                      Neutral aromas are low on fruit, while this feels a touch melony due to low acidity. Generic white fruit flavors hold their own on a controlled finish. Drink right away.                      Michael Schachner ",,Graffigna 2019 Pinot Grigio (Argentina),$10 , Other,85,Argentina,,Not rated yet [Add Your Review],Pinot Grigio,2019,Graffigna
436,12%,"Delle Venezie, Northeastern Italy, Italy",750 ml,Rose, Italy,7/1/20,"
                      Subtle aromas evoking crushed tomato vine and passion fruit lead the nose. The light, simple palate evokes pink grapefruit and white peach alongside crisp acidity.                      Kerin O‚ÄôKeefe ",Ros√©,La Vis 2019 Ros√© Pinot Grigio (Delle Venezie),$15 , Northeastern Italy,85,Delle Venezie,,Not rated yet [Add Your Review],Pinot Grigio,2019,La Vis
437,13%,"Terre di Chieti, Central Italy, Italy",750 ml,White, Italy,7/1/20,"
                      Red apple, candied white flowers and fresh dill carry the nose. The palate is creamy in feel, but properly lifted by bright acidity. A savory nut tone marks the close.                      Alexander Peartree ",Estate Grown,Citra 2018 Estate Grown Pinot Grigio (Terre di Chieti),$10 , Central Italy,85,Terre di Chieti,,Not rated yet [Add Your Review],Pinot Grigio,2018,Citra
438,12%,"Tupungato, Mendoza Province, Argentina",750 ml,White, Argentina,7/1/20,"
                      Simple white fruit aromas open this direct Pinot Grigio. Citrusy flavors are bright and lively but short on depth, while basic citric notes of orange and tangerine drive a tart, lean finish.                      Michael Schachner ",Made with Organic Grapes,Domaine Bousquet 2019 Made with Organic Grapes Pinot Grigio (Tupungato),$13 , Mendoza Province,85,Tupungato,,Not rated yet [Add Your Review],Pinot Grigio,2019,Domaine Bousquet
439,12.50%,"Uco Valley, Mendoza Province, Argentina",750 ml,White, Argentina,7/1/20,"
                      A light straw color and neutral aromas don't give this many selling points upfront, while the palate is lean and citric in feel. Tart lemon and orange flavors fade quickly on a finish that's snappy before turning hollow.                      Michael Schachner ",Reserva,Finca la Celia 2019 Reserva Pinot Grigio (Uco Valley),$11 , Mendoza Province,85,Uco Valley,,Not rated yet [Add Your Review],Pinot Grigio,2019,Finca la Celia
441,12.50%,"Colline Pescaresi, Central Italy, Italy",750 ml,White, Italy,7/1/20,"
                      A fruity nose of ripe red apple, melon and candied banana starts off this straightforward Pinot Grigio. There's a ripe, almost mushy melon flavor to the palate, yet it still has ample lift from candied citrus and apple flavors.                      Alexander Peartree ",Dal Tralcetto,Cantina Zaccagnini 2019 Dal Tralcetto Pinot Grigio (Colline Pescaresi),$17 , Central Italy,84,Colline Pescaresi,,Not rated yet [Add Your Review],Pinot Grigio,2019,Cantina Zaccagnini
442,N/A,"Mendoza, Mendoza Province, Argentina",750 ml,White, Argentina,7/1/20,"
                      This wine is ultrapale in color and mild in aroma. A palate with adequate acidity offers white fruit flavors and not much more.                      Michael Schachner ",Cool Climate Selection,Argento 2019 Cool Climate Selection Pinot Grigio (Mendoza),$15 , Mendoza Province,84,Mendoza,,Not rated yet [Add Your Review],Pinot Grigio,2019,Argento
443,13.80%,"Napa Valley, Napa, California, US",750 ml,White, US,7/1/20,"
                      This wine has overripe aromas of baked grapes and honeycomb. It has a steely tone and is ultimately marred by sulfur.                      Virginie Boone ",,Santori 2018 Pinot Grigio (Napa Valley),$38 , California,83, Napa,Napa Valley,Not rated yet [Add Your Review],Pinot Grigio,2018,Santori
444,12.50%,"Santa Barbara County, Central Coast, California, US",750 ml,White, US,5/1/20,"
                      Hints of toast meet with orange rinds and yellow apples on the nose of this bottling by longtime Italian grape proponent Steve Clifton. There is a brisk energy to the sip, where yellow-grapefruit and pluot flavors are bright.                      Matt Kettmann ",,Palmina 2018 Pinot Grigio (Santa Barbara County),$22 , California,91, Central Coast,Santa Barbara County,Not rated yet [Add Your Review],Pinot Grigio,2018,Palmina
446,14.30%,"Lodi, Central Valley, California, US",750 ml,White, US,5/1/20,"
                      Tangy aromas of lime peel, grapefruit rind and pith show on the nose of this bottling. There is a pleasant stony grip to the sip, where peach flesh, coconut oil and a tart citrus flavors align.                      Matt Kettmann ",Van Ruiten Acampo Ranch,Alara 2018 Van Ruiten Acampo Ranch Pinot Grigio (Lodi),$31 , California,89, Central Valley,Lodi,Not rated yet [Add Your Review],Pinot Grigio,2018,Alara
467,13.40%,"San Luis Obispo, Central Coast, California, US",750 ml,White, US,4/1/20,"
                      Wet stone and cement aromas give mineral depth to the crisp yellow-grapefruit-pith touch on the nose of this bottling. That earthy cement kick shows on the sip as well, where strong acidity carries lemon-zest flavors.                      Matt Kettmann ",,Bianchi 2018 Pinot Grigio (San Luis Obispo),$18 , California,88, Central Coast,San Luis Obispo,Not rated yet [Add Your Review],Pinot Grigio,2018,Bianchi
471,N/A,"South Australia, South Australia, Australia",750 ml,White, Australia,4/1/20,"
                      This wine starts out very closed and needs lots of swirling in glass before it starts to reveal subtle aromas of pear, orange peel and spice. The mouthfeel is slippery and fruity. A straightforward and appealing, if not overly exciting, drop.                      Christina Pickard ",The Y Series,Yalumba 2018 The Y Series Pinot Grigio (South Australia),N/A, South Australia,86,South Australia,,Not rated yet [Add Your Review],Pinot Grigio,2018,Yalumba
472,12%,"Transylvania, Romania",750 ml,White, Romania,4/1/20,"
                      Straw-colored in the glass, this Romanian Pinot Grigio has aromas of fresh white peach and canned apricots. In the mouth there are flavors of peach and papaya before the clean finish.                      Jeff Jenssen ",Legendary Estate Series,Cramele Recas 2018 Legendary Estate Series Pinot Grigio (Transylvania),$9 ,Transylvania,85,,,Not rated yet [Add Your Review],Pinot Grigio,2018,Cramele Recas
477,13%,"California, California Other, California, US",750 ml,White, US,3/1/20,"
                      Clean, fresh apple and peach flavors make this medium-bodied wine charming and appealing. It shows a nice balance between fruitiness and crisp acidity without being too lean.                      Jim Gordon ",,Mirassou 2018 Pinot Grigio (California),$12 , California,88, California Other,California,Not rated yet [Add Your Review],Pinot Grigio,2018,Mirassou
485,12%,"California, California Other, California, US",750 ml,White, US,3/1/20,"
                      This light-bodied wine is driven by acidity, showing crisp and lean citrus flavors and a rather tight, racy texture. Oysters on the half shell come immediately to mind.                      Jim Gordon ",,Woodbridge by Robert Mondavi 2018 Pinot Grigio (California),$8 , California,87, California Other,California,Not rated yet [Add Your Review],Pinot Grigio,2018,Woodbridge by Robert Mondavi
487,13%,"California, California Other, California, US",750 ml,White, US,3/1/20,"
                      Very fruity and probably a touch sweet, this light-bodied wine sports peach and ripe apple flavors, a relatively crisp texture and clean finish.                      Jim Gordon ",,California Roots 2018 Pinot Grigio (California),$5 , California,86, California Other,California,Not rated yet [Add Your Review],Pinot Grigio,2018,California Roots
488,13.40%,"California, California Other, California, US",750 ml,White, US,3/1/20,"
                      Straightforward melon flavors and a rich mouthfeel make this medium-bodied wine fruity in taste and rather broad in texture.                      Jim Gordon ",,Luna 2018 Pinot Grigio (California),$15 , California,86, California Other,California,Not rated yet [Add Your Review],Pinot Grigio,2018,Luna
489,12%,"California, California Other, California, US",1.5 L,White, US,3/1/20,"
                      Fresh floral and peach aromas and ripe stone-fruit and apple flavors give this rather soft-textured and medium-bodied wine plenty of life.                      Jim Gordon ",,Kirkland Signature 2018 Pinot Grigio (California),$8 , California,85, California Other,California,Not rated yet [Add Your Review],Pinot Grigio,2018,Kirkland Signature
500,13%,"Friuli Colli Orientali, Northeastern Italy, Italy",750 ml,White, Italy,12/31/19,"
                      Aromas of spring blossom and mature yellow apple waft out of the glass along with an inviting whiff of sun-warmed hay. On the rounded palate, a toasted almond note accents ripe Bartlett pear, honeydew melon and a tangy citrus note.                      Kerin O‚ÄôKeefe ",Zuc di Volpe,Volpe Pasini 2017 Zuc di Volpe Pinot Grigio (Friuli Colli Orientali),$35 , Northeastern Italy,91,Friuli Colli Orientali,,Not rated yet [Add Your Review],Pinot Grigio,2017,Volpe Pasini
501,13.30%,"Columbia Valley (WA), Columbia Valley, Washington, US",750 ml,White, US,12/31/19,"
                      Inspired by the whites of northern Italy, this is a one-of-a-kind wine in the state: a cofermentation of Pinot Grigio, Sauvignon Blanc, Riesling and Moscato. Petroleum jelly, green apple, melon and a whiff of tropical fruit lead to bone-dry flavors that stretch out on the finish. A lively sense of acidity accents it all.                      Sean P. Sullivan ",Daisy,Bieler Family 2018 Daisy Pinot Grigio (Columbia Valley (WA)),$12 , Washington,90, Columbia Valley,Columbia Valley (WA),Not rated yet [Add Your Review],Pinot Grigio,2018,Bieler Family
502,13%,"Friuli Colli Orientali, Northeastern Italy, Italy",750 ml,White, Italy,12/31/19,"
                      Hawthorn and ripe green-apple aromas mingle together on this medium-bodied white. On the round savory palate, tangy acidity lifts honeydew melon and ripe Bartlett pear before a fennel finish.                      Kerin O‚ÄôKeefe ",,Colutta 2018 Pinot Grigio (Friuli Colli Orientali),$20 , Northeastern Italy,90,Friuli Colli Orientali,,Not rated yet [Add Your Review],Pinot Grigio,2018,Colutta
503,13%,"Friuli Colli Orientali, Northeastern Italy, Italy",750 ml,White, Italy,12/31/19,"
                      Aromas of white stone fruit, honeysuckle and a whiff of nut shape the nose. On the tangy medium-bodied palate, a saline note lifts peach, yellow pear and bitter almond.                      Kerin O‚ÄôKeefe ",Estate Bottled,Terlato 2018 Estate Bottled Pinot Grigio (Friuli Colli Orientali),$24 , Northeastern Italy,90,Friuli Colli Orientali,,Not rated yet [Add Your Review],Pinot Grigio,2018,Terlato
504,12.50%,"Friuli Colli Orientali, Northeastern Italy, Italy",750 ml,White, Italy,12/31/19,"
                      Aromas of white spring flower, wild herb and white stone fruit form the nose. Savory and rounded, the palate doles out ripe Bartlett pear, tangerine, white almond and a hint of saline alongside tangy acidity.                      Kerin O‚ÄôKeefe ",,Cantarutti 2018 Pinot Grigio (Friuli Colli Orientali),$16 , Northeastern Italy,89,Friuli Colli Orientali,,Not rated yet [Add Your Review],Pinot Grigio,2018,Cantarutti
505,13.50%,"Serbia, Serbia",750 ml,White, Serbia,12/31/19,"
                      Straw colored in the glass, this Serbian Pinot Grigio has aromas of talcum powder, vanilla bean and white peach. It has a strong backbone of minerality, with flavors of white peach and apricot blossom in the mouth before a crisp, clean finish.                      Jeff Jenssen ",,Zvonko Bogdan 2017 Pinot Grigio (Serbia),$20 ,Serbia,89,,,Not rated yet [Add Your Review],Pinot Grigio,2017,Zvonko Bogdan
506,12.50%,"Friuli Colli Orientali, Northeastern Italy, Italy",750 ml,White, Italy,12/31/19,"
                      Citrus-blossom and green-apple aromas form the nose, along with delicate whiffs of beeswax. Tangy and refreshing, the rounded light-bodied palate offers mature yellow pear, white peach and a hint of Meyer lemon.                      Kerin O‚ÄôKeefe ",Grivo,Volpe Pasini 2018 Grivo Pinot Grigio (Friuli Colli Orientali),$19 , Northeastern Italy,89,Friuli Colli Orientali,,Not rated yet [Add Your Review],Pinot Grigio,2018,Volpe Pasini
508,13%,"Friuli Colli Orientali, Northeastern Italy, Italy",750 ml,White, Italy,12/31/19,"
                      Spring wild-flower and honeydew-melon aromas come together in the glass. On the juicy rounded palate, tangy acidity accompanies Granny Smith apple and yellow pear before an almond close.                      Kerin O‚ÄôKeefe ",,La Tunella 2018 Pinot Grigio (Friuli Colli Orientali),$22 , Northeastern Italy,89,Friuli Colli Orientali,,Not rated yet [Add Your Review],Pinot Grigio,2018,La Tunella
509,13.90%,"Monterey, Central Coast, California, US",750 ml,White, US,12/31/19,"
                      Key lime pith, crisp rainwater and Pink Lady apple aromas show on the nose of this bottling. There is a fresh line of lime and green pear down the middle of the sip, which is simple but refreshing.                      Matt Kettmann ",,Maddalena 2018 Pinot Grigio (Monterey),$18 , California,88, Central Coast,Monterey,Not rated yet [Add Your Review],Pinot Grigio,2018,Maddalena
511,13.50%,"Friuli Colli Orientali, Northeastern Italy, Italy",750 ml,White, Italy,12/31/19,"
                      Medium bodied and structured, this has subtle aromas of mature yellow stone fruit, pressed wildflower and a whiff of hay. On the rounded palate, an almond note underscores ripe yellow apple and Bartlett pear.                      Kerin O‚ÄôKeefe ",,La Viarte 2017 Pinot Grigio (Friuli Colli Orientali),$24 , Northeastern Italy,88,Friuli Colli Orientali,,Not rated yet [Add Your Review],Pinot Grigio,2017,La Viarte
512,13%,"Vigneti delle Dolomiti, Northeastern Italy, Italy",750 ml,White, Italy,12/31/19,"
                      This opens with aromas of toasted oak and mature yellow apple that carry over to the tangy palate along with a hint of bitter almond. Fresh acidity lifts the finish.                      Kerin O‚ÄôKeefe ",Maso Papa,Maso Cantaghel 2017 Maso Papa Pinot Grigio (Vigneti delle Dolomiti),$25 , Northeastern Italy,88,Vigneti delle Dolomiti,,Not rated yet [Add Your Review],Pinot Grigio,2017,Maso Cantaghel
513,12.50%,"Friuli Colli Orientali, Northeastern Italy, Italy",750 ml,White, Italy,12/31/19,"
                      Aromas of acacia flower and ripe yellow stone fruit form the nose. The bright medium-bodied palate offers peach, apricot and a hint of lemon zest alongside fresh acidity. A white-almond note announces the close.                      Kerin O‚ÄôKeefe ",,Conte d'Attimis-Maniago 2018 Pinot Grigio (Friuli Colli Orientali),$20 , Northeastern Italy,88,Friuli Colli Orientali,,Not rated yet [Add Your Review],Pinot Grigio,2018,Conte d'Attimis-Maniago
514,12.50%,"Friuli Colli Orientali, Northeastern Italy, Italy",750 ml,White, Italy,12/31/19,"
                      Aromas of green apple and almond follow over to the rounded palate along with a lemon-drop note. Bright acidity gives it a crisp tangy close.                      Kerin O‚ÄôKeefe ",,Dorigo 2018 Pinot Grigio (Friuli Colli Orientali),$16 , Northeastern Italy,88,Friuli Colli Orientali,,Not rated yet [Add Your Review],Pinot Grigio,2018,Dorigo
515,12.50%,"Friuli Colli Orientali, Northeastern Italy, Italy",750 ml,White, Italy,12/31/19,"
                      This copper-colored wine opens with aromas of wild berry, toasted nut and graphite. Made with a few hours of skin contact, the palate offers sour cherry and bitter almond alongside tangy acidity.                      Kerin O‚ÄôKeefe ",Pinorigo,Dorigo 2018 Pinorigo Pinot Grigio (Friuli Colli Orientali),$16 , Northeastern Italy,88,Friuli Colli Orientali,,Not rated yet [Add Your Review],Pinot Grigio,2018,Dorigo
516,13%,"Vigneti delle Dolomiti, Northeastern Italy, Italy",750 ml,White, Italy,12/31/19,"
                      Honeysuckle and Granny Smith apple aromas flow over to the tangy palate, along with yellow pear. It closes on a note of honeyed almond.                      Kerin O‚ÄôKeefe ",Mont M√®s,Castelfeder 2018 Mont M√®s Pinot Grigio (Vigneti delle Dolomiti),$15 , Northeastern Italy,87,Vigneti delle Dolomiti,,Not rated yet [Add Your Review],Pinot Grigio,2018,Castelfeder
517,12.50%,"Trentino, Northeastern Italy, Italy",750 ml,White, Italy,12/31/19,"
                      Fresh and fun, this offers aromas and flavors of Granny Smith apple and honeydew melon. The simple but well made palate is crisp and refreshing, with bright acidity.                      Kerin O‚ÄôKeefe ",,La Vis 2018 Pinot Grigio (Trentino),N/A, Northeastern Italy,86,Trentino,,Not rated yet [Add Your Review],Pinot Grigio,2018,La Vis
518,14.50%,"Alto Adige, Northeastern Italy, Italy",750 ml,White, Italy,12/31/19,"
                      This evokes aromas of toasted hazelnut, beeswax and mature yellow stone fruit. Reflecting the nose, the brawny palate shows dried apricot, toasted notes and bitter almond, while the warmth of evident alcohol throws it off balance. Drink now to capture the remaining fruit and freshness.                      Kerin O‚ÄôKeefe ",,Castel Sallegg 2017 Pinot Grigio (Alto Adige),N/A, Northeastern Italy,86,Alto Adige,,Not rated yet [Add Your Review],Pinot Grigio,2017,Castel Sallegg
519,13%,"Friuli Colli Orientali, Northeastern Italy, Italy",750 ml,White, Italy,12/31/19,"
                      Aromas of Granny Smith apple follow over to the easygoing palate, along with a hint of honeydew melon. It's simple but well made, with tangy acidity.                      Kerin O‚ÄôKeefe ",,Torre Rosazza 2018 Pinot Grigio (Friuli Colli Orientali),$28 , Northeastern Italy,86,Friuli Colli Orientali,,Not rated yet [Add Your Review],Pinot Grigio,2018,Torre Rosazza
520,12.50%,"Vigneti delle Dolomiti, Northeastern Italy, Italy",750 ml,White, Italy,12/31/19,"
                      This simple white has subdued aromas of white spring flower and green apple. On the palate, brisk acidity accompanies Anjou pear and hint of lemon zest.                      Kerin O‚ÄôKeefe ",,Terre di Fohn 2018 Pinot Grigio (Vigneti delle Dolomiti),N/A, Northeastern Italy,86,Vigneti delle Dolomiti,,Not rated yet [Add Your Review],Pinot Grigio,2018,Terre di Fohn
521,13.50%,"California, California Other, California, US",3 L,White, US,12/31/19,"
                      Fresh lemon-lime aromas and tangy, green-apple flavors give this light-bodied wine an appealing fruity character. The smooth texture has a touch of crisp acidity for balance.                      Jim Gordon ",,Wine Cube 2018 Pinot Grigio (California),$18 , California,86, California Other,California,Not rated yet [Add Your Review],Pinot Grigio,2018,Wine Cube
522,13%,"Valdadige, Veneto, Italy",750 ml,White, Italy,12/31/19,"
                      This simple white has pungent aromas of over-mature orange rind and extremely ripe stone fruit. The aromas carry over to the brisk palate along with bitter almond and candied notes.                      Kerin O‚ÄôKeefe ",Il Casato,Cantine di Ora 2018 Il Casato Pinot Grigio (Valdadige),N/A, Veneto,84,Valdadige,,Not rated yet [Add Your Review],Pinot Grigio,2018,Cantine di Ora
523,12.50%,"Vigneti delle Dolomiti, Northeastern Italy, Italy",750 ml,White, Italy,12/31/19,"
                      This informal white has subdued one-dimensional aromas suggesting bitter almond. On the extremely simple, diluted palate, you'll find the merest hint of green apple alongside crisp acidity.                      Kerin O‚ÄôKeefe ",,Luna Nuda 2018 Pinot Grigio (Vigneti delle Dolomiti),$13 , Northeastern Italy,84,Vigneti delle Dolomiti,,Not rated yet [Add Your Review],Pinot Grigio,2018,Luna Nuda
540,13.50%,"Clarksburg, Central Valley, California, US",750 ml,White, US,12/1/19,"
                      This wine smells gorgeously fruity, tastes ripe and pure like freshly cut apples and Bosc pears, and has a good crisp texture balanced by medium body. A touch of sweetness emerges on the finish.                      Jim Gordon ",,Terra d'Oro 2018 Pinot Grigio (Clarksburg),$17 , California,89, Central Valley,Clarksburg,Not rated yet [Add Your Review],Pinot Grigio,2018,Terra d'Oro
544,13%,"Central Coast, Central Coast, California, US",750 ml,White, US,12/1/19,"
                      Broad aromas of Meyer lemon, lime balm and citrus blossoms show on the nose of this bottling. The palate is tightly wound, with fresh flashes of tangy apple.                      Matt Kettmann ",,SeaGlass 2018 Pinot Grigio (Central Coast),$12 , California,89, Central Coast,Central Coast,Not rated yet [Add Your Review],Pinot Grigio,2018,SeaGlass
545,13.50%,"California, California Other, California, US",750 ml,White, US,12/1/19,"
                      Big on fruit and floral flavors, this medium-bodied wine exudes crisp apple and Anjou pear aromas that lead to ripe fruit on the palate and a touch of tanginess on the finish.                      Jim Gordon ",,Three Thieves 2018 Pinot Grigio (California),$11 , California,88, California Other,California,Not rated yet [Add Your Review],Pinot Grigio,2018,Three Thieves
552,11.50%,"River Junction, Central Valley, California, US",750 ml,White, US,12/1/19,"
                      Tangy and crisp in character, this light-bodied wine shows touches of mineral and white pepper in the aromas, and lean citrus and green-apple flavors on the palate. It's refreshing and reserved.                      Jim Gordon ",Estate Grown Certified Sustainable,McManis 2018 Estate Grown Certified Sustainable Pinot Grigio (River Junction),$10 , California,87, Central Valley,River Junction,Not rated yet [Add Your Review],Pinot Grigio,2018,McManis
553,13%,"Sicilia, Sicily & Sardinia, Italy",750 ml,White, Italy,12/1/19,"
                      Citrus blossom and white stone fruit aromas lift out of the glass. On the easygoing palate, a hint of white almond accents green apple and Meyer lemon before a tangy finish.                      Kerin O‚ÄôKeefe ",,Feudo Arancio 2018 Pinot Grigio (Sicilia),$14 , Sicily & Sardinia,87,Sicilia,,Not rated yet [Add Your Review],Pinot Grigio,2018,Feudo Arancio
554,13.50%,"Russian River Valley, Sonoma, California, US",750 ml,White, US,12/1/19,"
                      Light and crisp, this wine offers peach, melon and stone. It remains bright and approachable from start to finish.                      Virginie Boone ",Estate,D & L Carinalli 2018 Estate Pinot Grigio (Russian River Valley),$12 , California,87, Sonoma,Russian River Valley,Not rated yet [Add Your Review],Pinot Grigio,2018,D & L Carinalli
557,13%,"Sicilia, Sicily & Sardinia, Italy",750 ml,White, Italy,12/1/19,"
                      Aromas of spring flowers and green apple form the nose along with a whiff of Mediterranean herbs. On the tangy palate, bright acidity lifts ripe pear and white peach before a citrus finish.                      Kerin O‚ÄôKeefe ",,Stemmari 2018 Pinot Grigio (Sicilia),$11 , Sicily & Sardinia,87,Sicilia,,Not rated yet [Add Your Review],Pinot Grigio,2018,Stemmari
558,12%,"California, California Other, California, US",750 ml,White, US,12/1/19,"
                      This fruity and very affordable wine has an appealing, smooth texture and attractive, light peach and apple flavors. Medium body and a touch of crispness make it appetizing.                      Jim Gordon ",,Barefoot NV Pinot Grigio (California),$7 , California,86, California Other,California,Not rated yet [Add Your Review],Pinot Grigio,,Barefoot
559,N/A,"California, California Other, California, US",750 ml,White, US,12/1/19,"
                      This is a light, lean wine that emphasizes simple refreshment and will be easy to sip. Delicate green-apple aromas and a touch of butter in the flavor give it just enough substance to savor.                      Jim Gordon ",Family Reserve,Oak Grove 2018 Family Reserve Pinot Grigio (California),$9 , California,86, California Other,California,Not rated yet [Add Your Review],Pinot Grigio,2018,Oak Grove
560,12%,"California, California Other, California, US",750 ml,White, US,12/1/19,"
                      This wine is light, fruity and soft in texture, offering honeydew melon aromas and golden apple flavors. It's mild in terms of acidity and short on the finish.                      Jim Gordon ",,Three Pears 2018 Pinot Grigio (California),$14 , California,86, California Other,California,Not rated yet [Add Your Review],Pinot Grigio,2018,Three Pears
562,12.50%,"South Eastern Australia, Australia Other, Australia",750 ml,White, Australia,12/1/19,"
                      Straw in color and smelling like freshly sliced pears and pineapples and white-flower blossoms, this straightforward Pinot Grigio offers bright acidity, a slippery texture and a juicy finish.                      Christina Pickard ",,Bulletin Place 2017 Pinot Grigio (South Eastern Australia),$11 , Australia Other,86,South Eastern Australia,,Not rated yet [Add Your Review],Pinot Grigio,2017,Bulletin Place
563,13.90%,"Napa Valley, Napa, California, US",750 ml,White, US,12/1/19,"
                      Earthy in pea shoots and freshly cut grass, this is a thick, viscous and lemony white wine, restrained in ripeness and a lasting flavor of peach.                      Virginie Boone ",,Benessere 2018 Pinot Grigio (Napa Valley),$25 , California,86, Napa,Napa Valley,Not rated yet [Add Your Review],Pinot Grigio,2018,Benessere
564,12.50%,"California, California Other, California, US",750 ml,White, US,12/1/19,"
                      This light-bodied wine has a touch of wood smoke in the aroma and vague, modestly fruity flavors.                      Jim Gordon ",Citrus Pear Vibrant,AVA Grace 2018 Citrus Pear Vibrant Pinot Grigio (California),$12 , California,85, California Other,California,Not rated yet [Add Your Review],Pinot Grigio,2018,AVA Grace
565,13.50%,"California, California Other, California, US",375 ml,White, US,12/1/19,"
                      Very basic in flavor, this canned wine is acceptable as a generic accompaniment to food. It's light bodied and soft in texture.                      Jim Gordon ",,Dark Horse NV Pinot Grigio (California),$6 , California,83, California Other,California,Not rated yet [Add Your Review],Pinot Grigio,,Dark Horse